{"cameraMode":{"drawMode":0,"name":"Shaded","section":"Shading Mode"},"sceneLighting":true,"audioPlay":false,"sceneViewState":{"m_AlwaysRefresh":false,"showFog":true,"showSkybox":true,"showFlares":true,"showImageEffects":true,"showParticleSystems":true,"showVisualEffectGraphs":true,"m_FxEnabled":true},"in2DMode":false,"pivot":{"x":7.212856292724609,"y":1.123047113418579,"z":3.2514843940734865},"rotation":{"x":0.09315000474452973,"y":0.02357577160000801,"z":-0.0021994728595018389,"w":0.9953872561454773},"size":11.467527389526368,"orthographic":false}